case,kind,depth,members,solves,rhs_ms,nf,seconds,error
"harmonic, cold strong (λ=0.8, γ=0.5, kT=0.1), Padé 2",none,0,1,0,0.015058,1082,0.018252648,0.21134308475039532
"harmonic, cold strong (λ=0.8, γ=0.5, kT=0.1), Padé 2",markov_diag,0,1,0,0.030676000000000002,432,0.187762986,0.6704021192162785
"harmonic, cold strong (λ=0.8, γ=0.5, kT=0.1), Padé 2",markov_full,0,1,0,0.031082,432,0.021100369,0.6704021192162785
"harmonic, cold strong (λ=0.8, γ=0.5, kT=0.1), Padé 2",nz_diag,0,1,3,4.498216,1092,2.171797129,0.28337965980613583
"harmonic, cold strong (λ=0.8, γ=0.5, kT=0.1), Padé 2",nz_full,0,1,3,1.184718,1092,2.081707794,0.28337965980613583
"harmonic, cold strong (λ=0.8, γ=0.5, kT=0.1), Padé 2",none,1,4,0,0.092286,1022,0.185692929,0.08950510006203871
"harmonic, cold strong (λ=0.8, γ=0.5, kT=0.1), Padé 2",markov_diag,1,4,0,0.206371,1092,0.297669366,8.748906624957554
"harmonic, cold strong (λ=0.8, γ=0.5, kT=0.1), Padé 2",markov_full,1,4,0,0.18740400000000002,962,0.234202671,0.15627926989331806
"harmonic, cold strong (λ=0.8, γ=0.5, kT=0.1), Padé 2",nz_diag,1,4,9,5.405434,1042,5.674525959,0.1670514213468298
"harmonic, cold strong (λ=0.8, γ=0.5, kT=0.1), Padé 2",nz_full,1,4,6,1.862007,1042,2.474667213,0.08843156754855232
"harmonic, cold strong (λ=0.8, γ=0.5, kT=0.1), Padé 2",none,2,10,0,0.254196,992,0.536018464,0.04257745485316196
"harmonic, cold strong (λ=0.8, γ=0.5, kT=0.1), Padé 2",markov_diag,2,10,0,0.440635,1842,1.039348406,11417.377939050228
"harmonic, cold strong (λ=0.8, γ=0.5, kT=0.1), Padé 2",markov_full,2,10,0,0.263019,952,0.613242654,0.022826778941223945
"harmonic, cold strong (λ=0.8, γ=0.5, kT=0.1), Padé 2",nz_diag,2,10,18,9.604866,1002,8.777622605,0.11918454896433449
"harmonic, cold strong (λ=0.8, γ=0.5, kT=0.1), Padé 2",nz_full,2,10,10,4.342727999999999,1002,4.44499391,0.03711863503861314
"harmonic, cold strong (λ=0.8, γ=0.5, kT=0.1), Padé 2",none,3,20,0,0.504175,982,0.627638413,0.016801156240014426
"harmonic, cold strong (λ=0.8, γ=0.5, kT=0.1), Padé 2",markov_diag,3,20,0,0.76355,1962,2.230397655,Inf
"harmonic, cold strong (λ=0.8, γ=0.5, kT=0.1), Padé 2",markov_full,3,20,0,0.51061,952,0.654056119,0.011413210221020133
"harmonic, cold strong (λ=0.8, γ=0.5, kT=0.1), Padé 2",nz_diag,3,20,30,11.686371,982,10.303745227,0.05127874435050714
"harmonic, cold strong (λ=0.8, γ=0.5, kT=0.1), Padé 2",nz_full,3,20,15,5.5447049999999996,982,6.204374558,0.011642632556907931
"harmonic, cold strong (λ=0.8, γ=0.5, kT=0.1), Padé 2",none,4,35,0,0.55242,972,0.900675456,0.006764539321834327
"harmonic, cold strong (λ=0.8, γ=0.5, kT=0.1), Padé 2",markov_diag,4,35,0,1.508484,1712,1.825857957,Inf
"harmonic, cold strong (λ=0.8, γ=0.5, kT=0.1), Padé 2",markov_full,4,35,0,0.922686,952,1.917533794,0.003418823495848835
"harmonic, cold strong (λ=0.8, γ=0.5, kT=0.1), Padé 2",nz_diag,4,35,45,25.962082000000002,972,24.857957139,0.05741880515748213
"harmonic, cold strong (λ=0.8, γ=0.5, kT=0.1), Padé 2",nz_full,4,35,21,14.238071999999999,972,19.057342452,0.005524664439903724
"harmonic, cold strong (λ=0.8, γ=0.5, kT=0.1), Padé 2",none,5,56,0,0.9481080000000001,962,1.776234466,0.0029197724093714883
"harmonic, cold strong (λ=0.8, γ=0.5, kT=0.1), Padé 2",markov_diag,5,56,0,1.538359,1622,3.615046594,Inf
"harmonic, cold strong (λ=0.8, γ=0.5, kT=0.1), Padé 2",markov_full,5,56,0,1.264875,942,2.153032105,0.0009262124773360455
"harmonic, cold strong (λ=0.8, γ=0.5, kT=0.1), Padé 2",nz_diag,5,56,63,25.913812,962,24.681326117,0.1763783619751726
"harmonic, cold strong (λ=0.8, γ=0.5, kT=0.1), Padé 2",nz_full,5,56,28,10.730483000000001,962,18.403831885,0.0021985986338322644
"harmonic, cold strong (λ=0.8, γ=0.5, kT=0.1), Padé 2",none,6,84,0,2.157823,952,2.370583601,0.001141352304465971
"harmonic, cold strong (λ=0.8, γ=0.5, kT=0.1), Padé 2",markov_diag,6,84,0,1.7573239999999999,1592,4.704889081,Inf
"harmonic, cold strong (λ=0.8, γ=0.5, kT=0.1), Padé 2",markov_full,6,84,0,1.9456790000000002,932,2.385756826,0.00042479072703212475
"harmonic, cold strong (λ=0.8, γ=0.5, kT=0.1), Padé 2",nz_diag,6,84,84,50.538180000000004,972,39.825896482,0.3202690664092776
"harmonic, cold strong (λ=0.8, γ=0.5, kT=0.1), Padé 2",nz_full,6,84,36,28.179593,952,28.770186376,0.0008630956184416357
"quartic q²/2+0.08q⁴, cold strong, Padé 2",none,0,1,0,0.016555,3212,0.068094819,0.17236131799927634
"quartic q²/2+0.08q⁴, cold strong, Padé 2",markov_diag,0,1,0,0.067197,2892,0.165995599,0.7017541850338672
"quartic q²/2+0.08q⁴, cold strong, Padé 2",markov_full,0,1,0,0.059397,2892,0.192385781,0.7017541850338672
"quartic q²/2+0.08q⁴, cold strong, Padé 2",nz_diag,0,1,3,1.256405,3222,8.711701101,0.21222444820444028
"quartic q²/2+0.08q⁴, cold strong, Padé 2",nz_full,0,1,3,2.086003,3222,9.2657051,0.21222444820444028
"quartic q²/2+0.08q⁴, cold strong, Padé 2",none,1,4,0,0.11336900000000001,3222,0.40863784,0.06570895748911623
"quartic q²/2+0.08q⁴, cold strong, Padé 2",markov_diag,1,4,0,0.207727,4102,0.937367056,12.823994549243091
"quartic q²/2+0.08q⁴, cold strong, Padé 2",markov_full,1,4,0,0.188693,3202,0.675803813,0.1405753656565982
"quartic q²/2+0.08q⁴, cold strong, Padé 2",nz_diag,1,4,9,7.234072,3232,18.471848475,0.12860375865867663
"quartic q²/2+0.08q⁴, cold strong, Padé 2",nz_full,1,4,6,5.210063,3232,19.903047124,0.06938102160194032
"quartic q²/2+0.08q⁴, cold strong, Padé 2",none,2,10,0,0.16156199999999998,3232,0.657614467,0.02782475261464911
"quartic q²/2+0.08q⁴, cold strong, Padé 2",markov_diag,2,10,0,0.237228,8032,2.279342778,Inf
"quartic q²/2+0.08q⁴, cold strong, Padé 2",markov_full,2,10,0,0.222895,3222,0.881102853,0.018727811327952565
"quartic q²/2+0.08q⁴, cold strong, Padé 2",nz_diag,2,10,18,12.699103999999998,3232,28.325804433,0.0944095573716295
"quartic q²/2+0.08q⁴, cold strong, Padé 2",nz_full,2,10,10,8.968268,3232,27.308773907,0.02803104415063119
"quartic q²/2+0.08q⁴, cold strong, Padé 2",none,3,20,0,0.34921399999999997,3272,1.750414447,0.007922947310092219
"quartic q²/2+0.08q⁴, cold strong, Padé 2",markov_diag,3,20,0,0.482946,6542,4.185058122,Inf
"quartic q²/2+0.08q⁴, cold strong, Padé 2",markov_full,3,20,0,0.44582,3232,1.862628492,0.00654626308821811
"quartic q²/2+0.08q⁴, cold strong, Padé 2",nz_diag,3,20,30,23.203097,3272,50.046697133,0.5931401965693418
"quartic q²/2+0.08q⁴, cold strong, Padé 2",nz_full,3,20,15,13.832996,3282,36.520471661,0.009130745624068074
"quartic q²/2+0.08q⁴, cold strong, Padé 2",none,4,35,0,0.677301,3392,3.806424102,0.0028152278779855484
"quartic q²/2+0.08q⁴, cold strong, Padé 2",markov_diag,4,35,0,1.951088,5622,18.895673199,Inf
"quartic q²/2+0.08q⁴, cold strong, Padé 2",markov_full,4,35,0,0.743506,3252,3.635001073,0.0017965222788572542
"quartic q²/2+0.08q⁴, cold strong, Padé 2",nz_diag,4,35,45,14.074332,3402,76.469834492,2.9489943948308164
"quartic q²/2+0.08q⁴, cold strong, Padé 2",nz_full,4,35,21,8.580267000000001,3412,52.240004353,0.0028962781946030025
"quartic q²/2+0.08q⁴, cold strong, Padé 2",none,5,56,0,1.067192,3532,6.237545906,0.0017207029319577156
"quartic q²/2+0.08q⁴, cold strong, Padé 2",markov_diag,5,56,0,1.1929720000000001,5182,10.334489124,Inf
"quartic q²/2+0.08q⁴, cold strong, Padé 2",markov_full,5,56,0,1.164422,3262,4.77116811,0.000997470683132193
"quartic q²/2+0.08q⁴, cold strong, Padé 2",nz_diag,5,56,63,38.652035,3542,151.245770893,7.999065457237545
"quartic q²/2+0.08q⁴, cold strong, Padé 2",nz_full,5,56,28,11.596046000000001,3552,78.463752648,0.001887224073177825
"quartic q²/2+0.08q⁴, cold strong, Padé 2",none,6,84,0,7.673602,3662,11.071788211,0.0011559643069164506
"quartic q²/2+0.08q⁴, cold strong, Padé 2",markov_diag,6,84,0,1.930575,4892,32.993034344,Inf
"quartic q²/2+0.08q⁴, cold strong, Padé 2",markov_full,6,84,0,1.7716260000000001,3352,11.552137154,0.0007879800138219557
"quartic q²/2+0.08q⁴, cold strong, Padé 2",nz_diag,6,84,84,24.753145,3682,94.61862085,11.872702927221033
"quartic q²/2+0.08q⁴, cold strong, Padé 2",nz_full,6,84,36,16.951846,3682,54.833280535,0.001612966760529577
